0,-14.485300000000034
1,-48.66833333333336
2,9.698550000000328
3,-36.35032500000008
4,-61.35801250000004
5,3.2187750000000293
6,-17.90935833333336
7,-46.874050000000224
8,8.58831250000014
9,-27.507612499999645
10,-53.492075000000305
11,3.4135625000000225
12,-33.47987499999956
13,-54.284599999999905
14,-3.3724583333329505
15,-9.741558333333522
16,-35.66109999999982
17,28.599959375000104
18,-53.27350000000006
19,-69.83504166666651
20,-4.879249999999757
21,-42.974633333333486
22,-65.3111791666666
23,3.5746375000002217
24,-38.65423750000012
25,-57.503904166666864
26,1.0132375000002192
27,-45.64004999999973
28,-59.53302916666647
29,-6.589133333332953
30,-31.54838333333343
31,-48.95272916666657
32,18.303534375000254
33,-31.566116666666932
34,-57.39241666666679
35,2.2194250000002747
36,-32.08197083333344
37,-55.69894166666627
38,6.088275000000198
39,-40.27843333333321
40,-58.7305166666666
41,-2.877845833333126
42,-15.079416666666656
43,-38.13401666666625
44,23.30387187500027
45,-31.123024999999593
46,-53.22101666666672
47,1.7584250000000523
48,-36.05658750000007
49,-52.64839166666686
50,-3.934095833332929
51,-19.184170833332903
52,-41.75204166666697
53,22.36482187500006
54,-41.43514999999969
55,-52.5188166666668
56,-10.383616666666384
57,-27.664433333333083
58,-44.13016666666651
59,14.802351041666695
60,-4.378166666666861
61,-22.95371666666668
62,44.13636875000009
63,-51.12680000000012
64,-68.24019166666648
65,-0.7049499999998154
66,-41.531183333333566
67,-63.35992916666693
68,3.6428374999999846
69,-41.99288750000019
70,-59.65000416666637
71,-0.5988624999996972
72,-46.93850000000008
73,-59.79047916666662
74,-6.570183333333279
75,-30.660533333333362
76,-48.915079166666416
77,22.518034375000042
78,-49.60374999999999
79,-66.99904166666659
80,0.5985000000001683
81,-71.15982499999998
82,-79.56782083333368
83,-10.591624999999993
84,-40.319333333333596
85,-61.81807916666662
86,3.7112375000003084
87,-46.11629583333317
88,-61.64012083333317
89,2.2994999999999877
90,-52.699808333333124
91,-63.40764583333316
92,-5.314620833333361
93,-36.51639166666678
94,-51.86254583333341
95,18.474696875000298
96,-41.507987500000176
97,-59.81250416666679
98,0.42993750000022146
99,-45.87999583333362
100,-62.06307083333322
101,2.997550000000082
102,-52.1667625000001
103,-60.62997083333368
104,-10.013970833333286
105,-33.759045833333175
106,-47.95202083333345
107,19.513596875000296
108,-46.23469999999994
109,-59.52182916666704
110,-5.398733333333272
111,-52.47995833333326
112,-63.683045833333416
113,-4.302670833333178
114,-51.65511250000012
115,-60.1181208333335
116,-10.018470833333293
117,-39.99280833333367
118,-49.38194583333315
119,13.1634760416667
120,-31.06663333333337
121,-49.21457916666698
122,22.403084375000006
123,-38.006041666666675
124,-53.81594583333338
125,18.46959687500003
126,-34.34969583333336
127,-47.681270833333485
128,18.451846875000033
129,-40.94665833333346
130,-49.72689583333336
131,11.71157604166666
132,-21.821016666666626
133,-46.57191666666667
134,8.482425000000138
135,-30.678070833333493
136,-54.20124166666689
137,5.021925000000227
138,-39.28383333333336
139,-57.578616666666704
140,-3.038745833333323
141,-15.89201666666673
142,-36.74151666666701
143,26.141721875000144
144,-42.01494583333325
145,-58.39362083333377
146,2.5882000000000183
147,-51.80195833333325
148,-62.67484583333385
149,-6.198720833333127
150,-36.76934166666692
151,-50.276545833333145
152,18.187096875000243
153,-20.820666666666643
154,-45.79631666666701
155,11.777925000000167
156,-35.07532500000021
157,-58.00428333333345
158,2.668987500000064
159,-30.976370833333533
160,-54.4090916666665
161,3.459425000000227
162,-43.233095833332946
163,-59.739770833333594
164,0.40279999999990324
165,-42.39129583333359
166,-56.60850833333377
167,-4.859433333333296
168,-23.03267916666689
169,-42.744558333332975
170,21.69193437500021
171,-37.88053333333359
172,-55.914516666666714
173,-2.820245833333246
174,-51.321108333332965
175,-61.800395833333255
176,-6.360170833333356
177,-40.1847958333331
178,-54.41240833333332
179,-3.4611333333333327
180,-32.89594166666694
181,-45.85468333333323
182,14.475113541666706
183,-13.592916666666977
184,-33.57521666666683
185,27.40437187500011
186,-36.39064166666665
187,-49.81814583333302
188,19.32839687500003
189,-22.07192916666676
190,-41.44475833333337
191,24.399984375000283
192,-33.31449166666678
193,-46.067533333333
194,15.370313541666825
195,-27.332474999999512
196,-47.37371666666679
197,0.10757500000027065
198,-33.153087500000034
199,-48.61279166666659
200,-5.56154583333317
201,-23.304270833333085
202,-42.1543916666665
203,19.374271875000247
204,-46.83304583333312
205,-62.90732083333332
206,-0.09494999999990483
207,-49.795612499999464
208,-57.85332083333312
209,-10.856670833333126
210,-37.18344583333311
211,-48.49937083333353
212,14.956196875000094
213,-47.75819583333289
214,-63.4018208333333
215,-0.9576499999999655
216,-39.62259583333348
217,-53.32660833333334
218,-4.151583333333342
219,-28.875279166666967
220,-45.717858333332906
221,18.492734374999962
222,-33.477924999999864
223,-55.348166666666465
224,-3.7975249999997907
225,-38.03093749999942
226,-54.848258333333
227,-7.548462499999964
228,-37.61568750000013
229,-54.6078916666664
230,-8.299795833333334
231,-55.169112499999784
232,-64.37157083333372
233,-14.80457083333313
234,-42.519495833333124
235,-57.15145833333346
236,-5.991533333333088
237,-35.523895833333526
238,-46.61935833333368
239,10.464763541666633
240,-20.013420833333306
241,-37.90674166666656
242,25.098221875000036
243,-34.88449583333298
244,-44.48477083333353
245,15.460446875000322
246,-24.558779166666778
247,-40.50560833333328
248,21.703584374999927
249,-28.12554583333311
250,-36.80380833333325
251,15.306463541666737
252,-38.8305499999996
253,-49.31881666666644
254,-11.439266666666459
255,-28.98498333333297
256,-42.43296666666696
257,12.506651041666883
258,-53.465208333333166
259,-64.48009583333332
260,-7.548720833333089
261,-47.28746249999958
262,-55.06797083333321
263,-9.06012083333314
264,-41.716708333333145
265,-47.84629583333357
266,9.130576041666716
267,-52.38950833333335
268,-63.06304583333349
269,-6.508770833333255
270,-36.95599583333289
271,-50.5918083333337
272,-2.3622833333332593
273,-35.30039166666681
274,-46.55568333333324
275,12.745963541666816
276,-53.412512499999565
277,-62.38762083333338
278,-13.668720833333037
279,-41.46259583333345
280,-56.40120833333335
281,-5.108933333333177
282,-32.484395833332954
283,-44.64380833333345
284,11.367163541666647
285,-42.076299999999556
286,-54.05496666666654
287,-13.19946666666647
288,-52.92427499999928
289,-54.805933333333634
290,-23.641624999999777
291,-26.4718833333335
292,-39.10611666666641
293,14.311451041666912
294,-40.420508333332975
295,-45.06174583333306
296,9.17337604166697
297,-34.20274166666664
298,-45.00023333333316
299,14.316163541666915
300,-25.121395833333526
301,-35.508708333333146
302,15.51621354166679
303,-1.5880666666668652
304,-23.541866666666866
305,47.23886875000001
306,-39.24609166666686
307,-54.983495833333016
308,21.44089687500008
309,-34.033045833333375
310,-45.764070833333825
311,20.54819687500009
312,-40.75765833333307
313,-47.39164583333331
314,10.687326041666623
315,-37.12704166666691
316,-52.20754583333358
317,22.478446874999936
318,-27.777529166666692
319,-43.90020833333344
320,21.093184375000185
321,-35.526941666666815
322,-46.17128333333325
323,12.528213541666933
324,-28.90514583333328
325,-39.485420833333684
326,23.059946875000126
327,-26.966929166666898
328,-43.382108333333356
329,22.057634375000212
330,-26.45669583333312
331,-35.42450833333337
332,18.087513541666755
333,-37.07650833333318
334,-42.53699583333326
335,14.848026041666884
336,-35.23304166666668
337,-46.35868333333328
338,13.264413541666631
339,-27.952595833333582
340,-37.00990833333382
341,17.346713541666592
342,-4.6648666666667005
343,-27.43091666666695
344,45.777668750000046
345,-0.2819250000001716
346,-13.317583333333616
347,62.13477812500025
348,-56.213558333333054
349,-70.75905833333339
350,0.6024124999999714
351,-55.869312500000134
352,-66.6730333333332
353,-4.3414874999998965
354,-63.212774999999866
355,-69.04490833333358
356,-12.358508333333162
357,-46.12575833333308
358,-56.22135833333361
359,14.744109374999992
360,-56.58580833333326
361,-71.51710833333374
362,0.8055625000000788
363,-54.50996249999953
364,-64.7784833333331
365,-3.3919374999999086
366,-62.445374999999714
367,-67.75130833333324
368,-11.97445833333326
369,-43.94330833333298
370,-54.56750833333332
371,16.75780937500022
372,-57.47290833333327
373,-70.5043583333334
374,-2.479287499999927
375,-61.0949125000003
376,-70.37353333333326
377,-11.393837500000004
378,-66.39932500000026
379,-70.80870833333339
380,-17.385158333333184
381,-47.85180833333315
382,-57.607808333333296
383,15.715609374999984
384,-94.12785000000011
385,-93.32750000000036
386,-21.77420000000012
387,-78.50653333333364
388,-84.33528749999995
389,-9.945012499999972
390,-75.7187874999996
391,-77.55751250000014
392,-15.290212499999978
393,-84.3160000000001
394,-81.09193749999991
395,-23.86148333333331
396,-66.16398333333349
397,-67.40053749999974
398,7.302634375000183
399,-66.87941666666673
400,-75.530075
401,-8.713225000000158
402,-65.48032083333331
403,-72.78045000000004
404,-8.626975000000137
405,-72.8376333333336
406,-75.3496250000004
407,-16.29374583333343
408,-54.53041666666651
409,-61.54257500000018
410,11.230921875000055
411,-65.40447499999988
412,-70.91542499999991
413,-12.638525000000023
414,-71.3397875
415,-71.27134999999979
416,-19.680745833333457
417,-54.01902083333363
418,-58.77810000000005
419,7.647671874999906
420,-78.06845000000013
421,-72.37047499999977
422,-27.26771666666643
423,-61.01548333333335
424,-61.131225000000185
425,1.4701510416668118
426,-42.23851666666718
427,-44.14567500000004
428,30.666218749999974
429,-63.697116666666446
430,-74.46027500000025
431,-0.2557749999999359
432,-61.56722083333346
433,-70.30284999999985
434,-2.960624999999961
435,-71.74773333333331
436,-74.90522500000054
437,-14.533695833333482
438,-53.158466666666456
439,-61.01022499999998
440,14.997771874999932
441,-63.69276666666677
442,-76.37092500000024
443,0.9294750000000462
444,-59.30859999999978
445,-74.33746250000021
446,-2.718637500000032
447,-62.84297083333339
448,-71.18310000000001
449,-5.714675000000025
450,-60.99017083333358
451,-67.3249375000001
452,-12.665208333333577
453,-40.52595416666689
454,-52.11258750000019
455,19.46400937499981
456,-71.46858333333324
457,-74.35232500000026
458,-14.709845833333546
459,-58.9312208333336
460,-65.52458750000021
461,-10.518008333333295
462,-47.65526666666658
463,-53.977612499999864
464,12.392938541666743
465,-49.89581666666653
466,-57.78147500000044
467,17.82867187499999
468,-38.38765416666688
469,-49.79143749999997
470,19.95690937499992
471,-46.38061666666671
472,-52.86276250000013
473,13.608888541666708
474,-57.543224999999865
475,-62.49702499999987
476,-7.832125000000101
477,-65.81888750000005
478,-65.9372000000003
479,-15.748095833333409
480,-51.474270833332895
481,-55.017300000000176
482,10.730821875000052
483,-55.469070833333504
484,-61.51678750000001
485,-8.983908333333268
486,-40.76865416666662
487,-50.72038750000001
488,15.091309375000117
489,-64.41037499999993
490,-70.19562500000038
491,-13.988075000000233
492,-53.62066249999966
493,-63.090887500000115
494,-12.229187500000016
495,-71.68558750000003
496,-72.51710000000014
497,-20.926395833333444
498,-58.504670833333265
499,-65.2080874999998
500,-11.320008333333398
501,-50.34472083333314
502,-53.362487500000185
503,4.849588541666838
504,-44.1282208333333
505,-46.39505000000037
506,16.155921875000168
507,-35.080304166666835
508,-43.817687500000126
509,19.142359375000105
510,-39.317720833333155
511,-40.565087500000004
512,13.1339385416668
513,-74.83934999999988
514,-69.8374750000001
515,-24.300866666666465
516,-58.558283333333264
517,-56.910224999999755
518,2.6958010416667566
519,-54.918220833333024
520,-61.436437500000366
521,-8.39270833333341
522,-48.47346666666708
523,-52.43556250000001
524,8.523088541666857
525,-59.8280208333331
526,-66.14793750000013
527,-11.497608333333353
528,-48.95087083333296
529,-53.069637499999885
530,4.400238541666601
531,-79.65129999999974
532,-75.33252499999978
533,-28.52051666666675
534,-72.4670999999999
535,-65.56041249999981
536,-30.99615
537,-53.00548333333302
538,-50.03702500000004
539,6.568351041666531
540,-46.94156666666656
541,-50.16476249999982
542,10.689038541666696
543,-39.80137083333348
544,-42.22963750000028
545,10.874238541666603
546,-41.848866666666765
547,-45.158374999999836
548,33.993118749999994
549,-40.70215416666683
550,-49.56738750000005
551,18.119309374999837
552,-47.03186666666666
553,-50.6658125000004
554,10.760438541666506
555,-41.48040416666659
556,-49.80698750000045
557,16.15470937500003
558,-41.55692083333289
559,-42.38178749999992
560,10.441788541666686
561,-48.605866666666756
562,-51.97436249999989
563,8.553788541666751
564,-43.382820833332936
565,-44.33273750000044
566,8.968988541666523
567,-43.68201666666698
568,-48.52532500000004
569,33.06221875000013
570,-22.480900000000403
571,-26.61431250000028
572,53.48785312499986
573,-48.649791666666516
574,-67.97149583333338
575,3.9818000000000353
576,-49.30284166666654
577,-68.11954583333338
578,3.175900000000098
579,-37.073979166666774
580,-58.25845833333388
581,6.369837499999864
582,-46.45009166666645
583,-62.54458333333366
584,-2.978683333333265
585,-21.377824999999984
586,-39.15933333333346
587,23.911834375000083
588,-35.123579166666644
589,-56.179408333333434
590,7.912537499999761
591,-46.18209166666665
592,-62.005683333333515
593,-2.288083333333546
594,-18.05997500000016
595,-37.032133333333526
596,26.96603437499978
597,-52.564104166666596
598,-66.02153750000026
599,0.9209124999999929
600,-59.209466666666714
601,-67.35551249999992
602,-5.666308333333259
603,-46.35794999999989
604,-58.567062500000056
605,18.348909374999913
606,-51.43955416666648
607,-65.37128749999988
608,2.5089124999999157
609,-60.01751666666655
610,-68.85096250000005
611,-6.717658333333443
612,-45.84164999999993
613,-58.97971249999983
614,19.07510937499999
615,-50.3724916666668
616,-67.78744583333332
617,-2.6769999999999072
618,-36.587929166666555
619,-57.67660833333341
620,-1.6435125000000106
621,-48.28739166666658
622,-62.04183333333315
623,-8.315083333333462
624,-28.41507500000011
625,-47.42713333333333
626,18.79053437500002
627,-49.6412041666666
628,-62.74608749999988
629,-4.533187500000135
630,-61.81326666666678
631,-68.70991250000014
632,-11.775508333333562
633,-47.462849999999875
634,-57.83736249999984
635,12.418359374999843
636,-39.811833333333446
637,-58.84885000000013
638,-1.3747500000000912
639,-40.732337500000156
640,-60.877025
641,1.999449999999836
642,-58.27605
643,-68.97230000000016
644,-7.055020833333536
645,-33.1941333333333
646,-49.90304999999999
647,18.283696874999798
648,-41.549741666666584
649,-58.62195000000039
650,-5.360050000000349
651,-50.013304166667005
652,-59.84362500000007
653,-10.37562083333361
654,-31.911487499999946
655,-47.44132500000022
656,17.356646874999846
657,-59.72481666666649
658,-63.38840000000001
659,-16.179541666666708
660,-44.05534999999992
661,-52.28625000000031
662,9.35157604166661
663,-22.7055833333333
664,-34.51800000000009
665,37.51469375000003
666,-35.365291666666735
667,-51.39830000000023
668,6.152949999999802
669,-43.501254166666484
670,-54.894575000000415
671,-1.0901708333333815
672,-35.778087500000225
673,-50.48167500000016
674,21.96049687500001
675,-38.632591666667
676,-55.88104999999985
677,4.826799999999931
678,-41.827045833333365
679,-56.498825000000075
680,-3.831600000000357
681,-46.601654166666776
682,-59.08802500000001
683,-2.773070833333513
684,-38.833304166667034
685,-47.19627500000003
686,12.489876041666426
687,-30.747187500000006
688,-44.74832500000026
689,24.57984687499981
690,-34.024154166666506
691,-41.47732500000005
692,17.339876041666535
693,-51.83531666666701
694,-57.41140000000007
695,-9.134141666666817
696,-44.60715000000013
697,-53.79175000000007
698,10.233926041666441
699,-36.36060416666646
700,-45.844575000000006
701,14.152276041666445
702,-54.998216666666536
703,-62.450500000000496
704,-11.003791666666896
705,-61.148083333333325
706,-60.60250000000007
707,-23.717712499999877
708,-41.689450000000065
709,-50.45830000000051
710,15.234826041666727
711,-32.42015416666683
712,-41.85377500000031
713,15.9489260416664
714,-17.442633333333468
715,-30.726600000000026
716,39.39619374999999
717,-32.99360416666701
718,-40.08587500000029
719,12.797726041666468
720,-37.255454166666624
721,-44.72847499999997
722,11.090926041666638
723,-19.508733333333517
724,-34.19804999999996
725,39.37749374999995
726,-6.072733333333247
727,-16.232050000000164
728,60.336940625000054
729,-48.65444999999937
730,-62.47689583333358
731,-8.66365
732,-36.01823333333299
733,-55.49853333333337
734,0.544487499999935
735,-41.49009999999933
736,-54.002845833333346
737,-3.287000000000173
738,-31.348133333333106
739,-49.54098333333321
740,3.2062374999999754
741,-41.66164999999946
742,-52.816983333333134
743,-11.946433333333228
744,-20.114583333333247
745,-34.799483333333555
746,21.882834374999803
747,-43.345349999999705
748,-54.67893333333311
749,-13.28523333333349
750,-29.15478333333299
751,-46.462383333333165
752,16.117384375000032
753,-51.25475833333324
754,-62.850562500000166
755,-4.203787500000011
756,-46.66055833333358
757,-57.490012499999786
758,-0.88523750000018
759,-57.882175000000124
760,-61.35146250000023
761,-17.199858333333307
762,-31.53475833333319
763,-38.887012500000125
764,19.478159374999883
765,-59.075774999999986
766,-62.70661250000007
767,-18.198758333333398
768,-43.471308333333255
769,-52.75076250000028
770,10.935009374999982
771,-46.802858333333575
772,-56.00480000000019
773,-9.4147208333335
774,-25.97484166666666
775,-39.47315000000016
776,23.806546874999988
777,-46.89255833333306
778,-56.29915000000025
779,-9.426970833333481
780,-31.226841666666783
781,-45.848400000000126
782,20.82384687499994
783,-46.52224999999959
784,-60.470395833333335
785,-2.894500000000022
786,-35.248833333332996
787,-55.45643333333312
788,1.2746374999999865
789,-42.92664999999953
790,-55.9012333333337
791,-11.978033333333471
792,-21.73763333333323
793,-36.23678333333346
794,23.00413437499995
795,-53.32100833333308
796,-65.62621250000036
797,-3.4154875000000473
798,-61.51427499999933
799,-65.72946250000004
800,-18.210508333333664
801,-36.51330833333289
802,-42.897712500000026
803,17.012059375000057
804,-49.685508333332876
805,-60.222850000000165
806,-10.289670833333453
807,-28.15729166666676
808,-41.49805000000004
809,17.078546874999965
810,-50.4316999999995
811,-63.05789999999991
812,-17.403600000000274
813,-54.11221249999958
814,-61.3025249999998
815,-21.730920833333567
816,-28.847845833333086
817,-40.27097500000005
818,16.44969687499995
819,-58.64787499999995
820,-60.389850000000145
821,-26.799291666666747
822,-35.1392083333331
823,-40.65885000000024
824,10.573926041666715
825,-13.948991666666988
826,-21.526899999999927
827,41.018093749999984
828,-58.131174999999935
829,-59.84020000000019
830,-26.380991666666898
831,-32.26920833333304
832,-38.29784999999974
833,11.839826041666646
834,-58.18212499999991
835,-59.96375000000018
836,-26.452641666666832
837,-63.1554374999995
838,-59.38877499999986
839,-31.860612499999874
840,-35.31460833333293
841,-41.491850000000326
842,9.682726041666445
843,-9.928941666666535
844,-18.96004999999983
845,41.931243749999815
846,-25.253941666666524
847,-40.18085000000022
848,33.121093749999716
849,-10.623437499999966
850,-17.292224999999917
851,54.488740624999906
852,-60.19522499999965
853,-64.04759583333347
854,-20.281391666666337
855,-48.394158333332896
856,-57.997583333333495
857,-12.024454166666487
858,-46.515462499999494
859,-54.08215833333312
860,-16.747704166666377
861,-55.727124999999944
862,-58.64519583333365
863,-17.108841666666308
864,-44.999608333333455
865,-53.583633333333445
866,-9.954054166666637
867,-48.11586249999973
868,-55.93890833333344
869,-18.048254166666577
870,-33.63390833333328
871,-37.47233333333328
872,8.75309270833351
873,-39.123058333332935
874,-45.03508333333359
875,5.530842708333594
876,-66.90028333333329
877,-68.42551249999991
878,-19.354429166666787
879,-65.94973749999991
880,-64.47223749999989
881,-23.653479166666624
882,-63.961533333333435
883,-64.7892625000003
884,-17.137429166666518
885,-67.14253749999966
886,-65.95718750000029
887,-24.72067916666658
888,-47.84068333333282
889,-44.10161250000017
890,4.037067708333497
891,-56.18503333333295
892,-54.07421249999986
893,-2.1387322916666562
894,-55.139420833333475
895,-59.96617499999992
896,-16.51104166666668
897,-54.310770833333066
898,-60.03517500000051
899,-16.325191666666594
900,-41.04176666666666
901,-43.746300000000375
902,9.155955208333344
903,-44.26291666666691
904,-47.5350999999999
905,7.3573052083334645
906,-41.87012083333323
907,-42.06292499999984
908,2.674055208333348
909,-39.05737083333287
910,-39.049725000000365
911,5.423055208333416
912,-57.96092499999972
913,-60.86544583333353
914,-16.042541666666654
915,-48.725158333333596
916,-56.14923333333333
917,-10.543204166666698
918,-47.787312499999324
919,-53.688958333333225
920,-18.422404166666695
921,-33.1107583333333
922,-36.56368333333377
923,11.202292708333372
924,-67.86143333333294
925,-68.0517624999999
926,-20.860229166666766
927,-64.31808749999952
928,-62.3494875000004
929,-24.017979166666503
930,-49.08923333333304
931,-44.367412499999844
932,1.4590677083333947
933,-52.88057083333291
934,-56.63907499999992
935,-15.858091666666674
936,-43.85551666666663
937,-44.000700000000315
938,5.963855208333291
939,-39.38107083333273
940,-40.03977499999971
941,4.3007052083333885
942,-68.59139999999985
943,-59.33705000000007
944,-37.88833333333308
945,-46.388733333333306
946,-40.94489999999995
947,-3.479265624999739
948,-25.192816666666662
949,-21.585300000000274
950,26.043952083333455
951,-24.636016666666283
952,-24.413599999999835
953,28.258752083333192
954,-37.22331666666685
955,-40.37315000000001
956,21.335302083333474
957,-17.016799999999677
958,-19.917400000000285
959,47.65351979166654
960,-29.35629166666649
961,-41.745695833333315
962,36.788493750000086
963,-14.459924999999973
964,-31.43533333333348
965,38.93333125000002
966,-19.045829166666994
967,-34.94085833333331
968,36.88678125
969,-26.368691666666866
970,-37.37503333333345
971,31.05046041666664
972,-26.11469166666671
973,-37.47134583333329
974,38.33319374999995
975,-10.14777500000017
976,-25.19693333333337
977,45.46788124999996
978,-13.446129166666498
979,-26.89685833333373
980,40.66438125000013
981,-20.248691666666918
982,-29.512333333333718
983,33.649610416666675
984,-35.2474
985,-44.1107624999999
986,31.829606250000133
987,-33.448754166666546
988,-41.4814875000002
989,31.573756249999853
990,-39.19411666666663
991,-43.16581249999993
992,25.725785416666767
993,-33.106449999999924
994,-41.52676249999963
995,34.548206249999815
996,-28.863554166666905
997,-33.74568749999982
998,33.57895624999978
999,-34.538016666666934
1000,-35.43996250000001
1001,27.575785416666676
1002,-24.067287500000223
1003,-37.49517500000037
1004,35.64349375
1005,-32.58035000000001
1006,-40.392799999999966
1007,28.35302291666664
1008,-16.930387500000155
1009,-28.069075000000066
1010,40.670193749999854
1011,-28.03785000000021
1012,-34.485800000000125
1013,32.30237291666658
1014,-31.57285416666662
1015,-40.020375000000016
1016,27.276172916666532
1017,-18.70845416666649
1018,-22.195525000000504
1019,35.07087291666675
1020,-24.58794166666678
1021,-35.12724583333355
1022,37.336243749999824
1023,-9.886675
1024,-22.41908333333371
1025,42.72583125000011
1026,-13.955279166666479
1027,-24.78560833333372
1028,37.908381249999934
1029,-20.134341666666522
1030,-25.667783333333638
1031,30.67216041666674
1032,-32.51440000000008
1033,-40.520962500000344
1034,36.42695624999996
1035,-24.212554166667033
1036,-27.986187499999993
1037,38.30195625000003
1038,-31.925716666667014
1039,-30.815662500000407
1040,28.81773541666668
1041,-21.271687499999903
1042,-30.00342499999986
1043,37.925293750000044
1044,-29.27615000000019
1045,-32.60989999999984
1046,29.036622916666577
1047,-19.282754166666827
1048,-21.279775000000534
1049,34.971822916666625
1050,4.496266666666493
1051,-0.4977000000003784
1052,79.22888749999979
1053,9.411650000000282
1054,-14.691033333333259
1055,27.226250000000096
1056,-3.9858749999996945
1057,-20.627762500000024
1058,24.537025000000234
1059,7.286991666666864
1060,-13.634000000000013
1061,30.509162500000198
1062,4.153887500000231
1063,-15.311375000000105
1064,24.349862499999997
1065,-0.37137499999975176
1066,-14.65134999999993
1067,19.27604166666672
1068,16.904041666666636
1069,-2.1016000000000368
1070,46.77840937500002
1071,-16.656849999999856
1072,-25.689441666667
1073,21.442750000000288
1074,-7.82378333333309
1075,-22.172229166666433
1076,27.835237500000076
1077,-6.70538749999956
1078,-18.22755416666677
1079,22.29333750000011
1080,-11.618899999999854
1081,-18.036329166666754
1082,16.824066666666937
1083,2.8921666666669843
1084,-8.91607916666688
1085,44.062384374999965
1086,-0.4393666666666185
1087,-18.755766666666673
1088,28.01227500000003
1089,2.0131791666667453
1090,-15.49509166666665
1091,29.464725000000147
1092,-4.251033333333254
1093,-16.426066666666284
1094,22.879204166666867
1095,12.276633333333553
1096,-2.4125666666664713
1097,46.25632187499993
1098,0.9488750000000934
1099,-14.398966666666446
1100,22.304225000000066
1101,-2.746387499999692
1102,-12.779791666666362
1103,17.748354166666847
1104,10.883879166666954
1105,-3.1946416666664312
1106,43.46402187500016
1107,-6.803399999999904
1108,-11.505766666666695
1109,12.800033333333616
1110,6.2233666666670295
1111,-2.697766666666457
1112,38.22030104166667
1113,24.059033333333613
1114,9.779433333333287
1115,64.89931875000003
1116,-15.398850000000053
1117,-24.616291666666434
1118,22.965000000000213
1119,-7.558683333333072
1120,-21.575779166666777
1121,27.637537500000064
1122,-6.410537499999869
1123,-18.46570416666662
1124,23.49673750000001
1125,-10.786349999999878
1126,-17.6896291666667
1127,18.48826666666694
1128,3.137666666666661
1129,-8.448729166666613
1130,43.93368437500018
1131,-14.829950000000025
1132,-24.032241666666643
1133,23.24705000000007
1134,-29.49032499999955
1135,-31.046920833333225
1136,18.764625000000024
1137,-6.581433333333031
1138,-20.303429166666742
1139,27.83348750000023
1140,-8.586795833333394
1141,-18.72182083333369
1142,28.384549999999997
1143,-14.41115833333324
1144,-19.27704583333343
1145,22.124629166666754
1146,-1.1787916666663456
1147,-9.544495833333322
1148,43.998296874999944
1149,-7.47623750000006
1150,-19.78125416666696
1151,22.845787500000014
1152,-9.671295833333371
1153,-20.013770833333176
1154,28.010549999999945
1155,-14.714562500000206
1156,-17.670370833333315
1157,16.22932916666686
1158,-0.8189458333331068
1159,-7.650320833333613
1160,41.810196874999896
1161,-11.323999999999934
1162,-18.445679166666373
1163,18.18341666666674
1164,-15.082308333333039
1165,-20.21209583333303
1166,21.940029166666708
1167,-14.393312499999844
1168,-17.30022083333349
1169,16.428829166666592
1170,-4.7923083333331284
1171,-6.499445833333528
1172,36.99872604166683
1173,3.5270666666669115
1174,-8.005229166666528
1175,44.082084374999965
1176,-1.988191666666328
1177,-10.729945833333199
1178,44.16069687499991
1179,0.4464541666666655
1180,-5.942170833333282
1181,42.40434687500007
1182,-4.15355833333324
1183,-5.457695833333265
1184,37.178076041666586
1185,3.8546333333335348
1186,-13.849316666666711
1187,32.884125
1188,1.1241291666667763
1189,-16.118741666666736
1190,28.094475000000063
1191,-4.764533333333176
1192,-16.650266666666624
1193,21.86785416666659
1194,13.606333333333342
1195,-1.8902166666665998
1196,48.11472187499999
1197,-9.79844583333307
1198,-19.324870833333208
1199,26.133750000000067
1200,-15.690758333333044
1201,-19.940245833333137
1202,19.811379166666754
1203,-0.6157416666664695
1204,-9.299595833333552
1205,45.65559687500005
1206,5.158583333333322
1207,-12.882166666666794
1208,33.199374999999876
1209,-3.875624999999694
1210,-19.751933333333316
1211,30.971887499999973
1212,0.9809291666666553
1213,-16.16024166666641
1214,27.253624999999904
1215,-10.935645833333218
1216,-20.499270833333227
1217,24.94734999999979
1218,-8.232945833333005
1219,-16.541908333333666
1220,19.71826666666674
1221,7.527670833333477
1222,-3.889908333333292
1223,45.46038437499988
1224,-3.621383333333128
1225,-15.427416666666716
1226,22.28820416666686
1227,-15.445558333333231
1228,-19.747395833333314
1229,19.883729166666697
1230,-6.590945833332995
1231,-14.870258333333553
1232,20.922966666666643
1233,2.60510833333365
1234,-3.5777833333329845
1235,40.20316354166673
1236,15.283183333333472
1237,-0.03701666666655612
1238,49.823771875000176
1239,-0.051891666666481484
1240,-8.757745833333086
1241,47.24184687500017
1242,8.758120833333383
1243,-2.548008333333396
1244,47.563784374999955
1245,2.7576583333336124
1246,-3.253183333333265
1247,41.15461354166694
1248,0.7610750000003108
1249,-14.232316666666556
1250,22.16477499999998
1251,-2.8426874999999185
1252,-12.785641666666514
1253,18.002454166666837
1254,11.200929166666818
1255,-3.561941666666346
1256,44.11807187500014
1257,-11.247595833333257
1258,-21.691620833333268
1259,26.40399999999996
1260,-16.317062499999935
1261,-18.660220833333163
1262,14.280729166666717
1263,-0.28559583333302996
1264,-7.890420833333511
1265,42.88924687500013
1266,-10.712045833333228
1267,-21.05392083333326
1268,26.76785000000006
1269,-7.158495833333234
1270,-15.431808333333219
1271,21.53501666666653
1272,5.842120833333286
1273,-5.779708333333211
1274,42.98288437500006
1275,-6.3008249999997545
1276,-22.44046666666666
1277,16.767374999999962
1278,-10.133337500000117
1279,-22.16315833333322
1280,14.076187499999726
1281,-8.659537499999637
1282,-19.473991666666812
1283,13.524054166666843
1284,-20.863712499999565
1285,-23.85772083333304
1286,10.597279166666596
1287,-11.552545833333028
1288,-20.421008333333155
1289,18.057416666666803
1290,-1.5798958333332003
1291,-7.076908333333254
1292,33.10866354166655
1293,15.822979166666862
1294,2.0613583333335406
1295,47.310921875000076
1296,4.808304166666932
1297,-1.5285708333331094
1298,46.44149687500008
1299,10.840570833333363
1300,-0.2670583333332477
1301,47.200684375000044
1302,8.28480416666677
1303,4.767441666666539
1304,40.428713541666816
1305,-6.628499999999882
1306,-11.463116666666373
1307,13.578683333333341
1308,6.515316666666671
1309,-2.8776666666670003
1310,38.71030104166695
1311,-16.136058333333114
1312,-21.28684583333311
1313,20.776779166666604
1314,-15.255812499999877
1315,-17.53837083333334
1316,15.120729166666624
1317,-4.395508333332909
1318,-6.62814583333331
1319,37.84572604166674
1320,-14.74415833333298
1321,-19.795495833333288
1322,21.944629166666818
1323,-5.179845833333019
1324,-13.430508333333346
1325,23.072266666666685
1326,1.5831583333334898
1327,-5.0224333333334314
1328,38.3562135416669
1329,-20.24581249999997
1330,-23.280720833333213
1331,11.109479166666691
1332,-10.775045833333063
1333,-19.535858333333287
1334,18.66536666666665
1335,-1.6232458333331756
1336,-6.985858333333628
1337,32.90986354166683
1338,-11.309399999999847
1339,-16.873716666666816
1340,9.978183333333401
1341,-19.078574999999454
1342,-15.06503333333331
1343,2.5210250000000656
1344,10.29211666666665
1345,1.6857333333329727
1346,41.41545104166684
1347,-0.5400583333329045
1348,-1.781145833333131
1349,40.59137604166665
1350,3.714008333333485
1351,-2.4591833333334367
1352,40.86406354166683
1353,7.566754166667078
1354,3.981891666666737
1355,39.79151354166683
1356,23.9657833333335
1357,10.036633333333267
1358,65.46986875000012
1359,-1.2432416666663393
1360,-10.64729583333297
1361,46.63999687500011
1362,0.9572541666667433
1363,-5.580520833333402
1364,42.11444687500014
1365,-4.15275833333304
1366,-5.34529583333363
1367,36.32222604166664
1368,-0.08629166666667132
1369,-8.91174583333365
1370,47.353196874999966
1371,9.579870833333448
1372,-2.85555833333353
1373,49.40503437499988
1374,3.291508333333315
1375,-3.5954833333330605
1376,42.54491354166676
1377,5.706854166666986
1378,0.33552916666632626
1379,45.297896875000006
1380,11.724220833333465
1381,-0.7184583333332828
1382,50.99348437500009
1383,8.915704166666849
1384,4.84584166666675
1385,40.24111354166679
1386,-0.3280083333329742
1387,-0.6859958333334859
1388,39.03182604166666
1389,4.662758333333361
1390,-2.3192333333329263
1391,43.718763541666746
1392,8.086604166666866
1393,3.7985416666662886
1394,39.82081354166675
1395,21.02113333333362
1396,5.955433333333726
1397,63.8983687500001
1398,28.22717499999996
1399,18.007816666666443
1400,81.75922812500013
1401,-18.715458333333235
1402,-25.670308333333345
1403,26.58411249999979
1404,-19.429162500000174
1405,-23.90438333333318
1406,20.103362500000177
1407,-24.47932499999972
1408,-23.68630833333345
1409,14.382841666666835
1410,-8.542108333333243
1411,-12.71450833333363
1412,42.287709374999906
1413,-19.107158333333363
1414,-26.21930833333357
1415,26.313512499999803
1416,-17.8686625000001
1417,-22.085383333333475
1418,21.13876250000013
1419,-23.45187499999959
1420,-22.44115833333371
1421,15.024391666666759
1422,-7.888208333333235
1423,-12.179758333333712
1424,42.85770937500004
1425,-19.646758333333203
1426,-26.143158333333318
1427,24.942312499999986
1428,-20.5924125000001
1429,-25.284083333333562
1430,19.732162500000072
1431,-25.045975000000276
1432,-24.519308333333534
1433,14.520791666666621
1434,-9.268058333333329
1435,-12.911558333333506
1436,40.68280937500002
1437,-44.779550000000334
1438,-38.604149999999926
1439,13.841150000000013
1440,-33.94483333333342
1441,-33.579987499999795
1442,21.77803749999976
1443,-32.67973750000017
1444,-29.606462499999786
1445,17.08678749999999
1446,-38.48829999999985
1447,-30.04178750000026
1448,10.65671666666681
1449,-22.6669833333335
1450,-19.013687499999765
1451,37.85678437499986
1452,-26.00551666666666
1453,-29.7480249999996
1454,23.48442500000001
1455,-23.056420833333302
1456,-25.918749999999857
1457,24.698375000000006
1458,-29.17173333333336
1459,-26.761675000000107
1460,18.03010416666675
1461,-14.350766666666548
1462,-15.32797499999976
1463,41.074671874999915
1464,-24.02147500000016
1465,-25.145324999999907
1466,18.535325000000036
1467,-28.112237499999715
1468,-23.783800000000177
1469,13.452504166666746
1470,-13.95822083333309
1471,-12.830300000000339
1472,38.191021874999855
1473,-32.86074999999986
1474,-23.014424999999683
1475,7.751233333333474
1476,-18.67748333333319
1477,-12.380425000000361
1478,32.774001041666565
1479,-2.184266666666712
1480,-1.0264249999998754
1481,58.93866875000002
1482,-22.84546666666669
1483,-27.506924999999825
1484,29.356774999999935
1485,-23.54942083333338
1486,-26.300200000000373
1487,23.47982499999981
1488,-29.721083333333276
1489,-27.122024999999894
1490,16.817804166666406
1491,-12.863616666666733
1492,-14.903024999999825
1493,44.878371874999836
1494,-23.60406666666668
1495,-28.754224999999867
1496,29.213674999999917
1497,-19.097600000000092
1498,-28.140362500000027
1499,28.12811249999987
1500,-23.890320833333156
1501,-26.58445000000036
1502,23.222974999999924
1503,-21.322320833333208
1504,-22.770237500000334
1505,17.72354166666661
1506,-4.062054166666851
1507,-8.753587499999949
1508,45.435609374999906
1509,-29.22023333333339
1510,-26.63342499999999
1511,17.231704166666617
1512,-20.01102083333315
1513,-21.50338749999996
1514,18.833441666666406
1515,-8.440866666666746
1516,-7.961912500000334
1517,40.27313854166663
1518,-11.098916666666714
1519,-12.898924999999917
1520,46.48927187499989
1521,-3.4035541666667335
1522,-7.910187499999832
1523,46.085509375000115
1524,-8.285316666666542
1525,-7.559562500000094
1526,40.43513854166658
1527,-24.1529749999998
1528,-24.108375000000315
1529,16.860074999999686
1530,-28.650237499999776
1531,-23.48685000000028
1532,11.801904166666688
1533,-12.227370833333051
1534,-11.64970000000034
1535,39.743021875000075
1536,-20.759970833333252
1537,-21.402587499999992
1538,17.74564166666668
1539,-5.65325416666651
1540,-9.41213749999985
1541,41.01915937499982
1542,-28.80587499999976
1543,-29.430025000000093
1544,12.620024999999746
1545,-21.76046249999981
1546,-26.489687499999626
1547,12.246512499999618
1548,-32.675437500000015
1549,-27.882050000000014
1550,8.070604166666584
1551,-23.43697083333316
1552,-24.568537500000296
1553,15.524491666666584
1554,-13.03617083333295
1555,-10.37858750000007
1556,30.389938541666474
1557,-5.279120833333106
1558,-3.5176999999998237
1559,45.211671875000015
1560,-0.15915416666656412
1561,-3.2041875000003106
1562,45.096459374999974
1563,-3.579870833333576
1564,0.7108125000001131
1565,37.83178854166653
1566,-33.56264999999965
1567,-23.097674999999818
1568,6.26928333333332
1569,-17.556233333333093
1570,-11.547924999999726
1571,33.62895104166665
1572,-19.68592083333318
1573,-20.311137500000154
1574,18.64944166666671
1575,-10.039366666666805
1576,-8.672662499999895
1577,36.03243854166656
1578,-23.241170833333324
1579,-24.22118749999975
1580,15.65239166666661
1581,-13.64507083333324
1582,-10.804487499999826
1583,29.74988854166667
1584,-37.009099999999506
1585,-26.7856250000003
1586,3.0584833333332284
1587,-32.03044999999971
1588,-20.425862500000314
1589,-0.5392000000000507
1590,-12.138433333333065
1591,-5.221874999999887
1592,37.92110104166646
1593,-7.214016666666634
1594,-5.494962500000122
1595,38.53348854166661
1596,-5.641970833333421
1597,-1.4016374999997971
1598,36.1204885416666
1599,-2.490766666666655
1600,-1.8204750000003322
1601,60.88766875000009
1602,-1.5937041666666651
1603,-6.929287500000125
1604,48.593359374999956
1605,-7.035866666666646
1606,-7.0032125
1607,42.240338541666574
1608,0.44344583333328913
1609,-4.544537499999857
1610,49.381059375000014
1611,-2.5367708333332573
1612,0.37271249999957234
1613,39.93843854166643
1614,-6.226116666666837
1615,-5.848462500000062
1616,42.36193854166652
1617,-3.7456208333329855
1618,-1.0807375000000619
1619,39.048888541666656
1620,-5.407516666666634
1621,-6.009724999999921
1622,59.12371874999991
1623,13.378150000000133
1624,9.781587499999844
1625,79.34850312499977
1626,-11.701841666666724
1627,-23.564595833333478
1628,30.769999999999698
1629,-11.771241666666654
1630,-23.293695833333228
1631,30.023800000000023
1632,-2.343629166666794
1633,-17.791958333333735
1634,31.994287499999974
1635,-8.84694166666673
1636,-18.754233333333215
1637,25.239416666666514
1638,9.17937499999999
1639,-2.697233333333493
1640,49.177184374999825
1641,-0.8324791666664666
1642,-16.016808333333408
1643,33.489587499999814
1644,-8.560741666666694
1645,-18.387833333333113
1646,25.620616666666507
1647,8.402374999999918
1648,-2.78778333333336
1649,49.50703437499979
1650,-13.601004166666453
1651,-22.00353750000046
1652,30.914862499999707
1653,-19.0284666666666
1654,-22.045462500000124
1655,24.853691666666666
1656,-6.1169999999999725
1657,-12.325912499999703
1658,46.55020937499983
1659,-13.559054166666495
1660,-22.093387500000226
1661,31.451912499999857
1662,-20.044466666666505
1663,-23.25021250000021
1664,24.446991666666396
1665,-6.425550000000069
1666,-13.0321625000001
1667,47.25605937499977
1668,-13.96624166666669
1669,-25.005545833333365
1670,25.711749999999967
1671,-5.718379166666487
1672,-20.15300833333331
1673,25.77833749999998
1674,-11.136741666666516
1675,-20.213183333333085
1676,20.416716666666446
1677,6.143825000000103
1678,-6.947583333333451
1679,46.42943437499984
1680,-17.068754166666622
1681,-24.017437499999694
1682,23.872212499999623
1683,-22.09386666666653
1684,-23.754762500000304
1685,18.529391666666584
1686,-7.947800000000083
1687,-13.932612499999752
1688,44.03350937499986
1689,-10.759933333333294
1690,-23.01720000000005
1691,30.012049999999846
1692,-8.125487499999817
1693,-20.515525000000157
1694,30.7059999999999
1695,-15.570900000000076
1696,-22.543250000000103
1697,23.791529166666514
1698,0.717316666666612
1699,-9.113550000000004
1700,46.69924687499996
1701,-11.252841666666491
1702,-22.427050000000115
1703,22.02164999999976
1704,-14.870954166666728
1705,-20.596824999999974
1706,17.90662916666621
1707,1.250312500000117
1708,-7.448075000000376
1709,44.771446874999874
1710,-18.784366666666408
1711,-19.090300000000404
1712,13.432858333333186
1713,-4.729600000000023
1714,-8.172400000000213
1715,38.83487604166667
1716,12.34906666666653
1717,4.144100000000073
1718,64.17819374999976
1719,-4.541291666666503
1720,-16.076900000000105
1721,31.838149999999654
1722,-9.69450416666664
1723,-16.09677500000002
1724,26.355879166666618
1725,3.091612500000007
1726,-7.580175000000011
1727,48.012696874999826
1728,-9.150841666666576
1729,-21.357199999999786
1730,28.334249999999894
1731,-12.935945833333484
1732,-23.32332499999996
1733,19.0023499999997
1734,-13.909454166666713
1735,-20.775274999999958
1736,23.003979166666433
1737,-2.660854166666571
1738,-5.7457750000005525
1739,38.87502604166655
1740,7.928062500000177
1741,-1.5334249999999106
1742,52.014246874999735
1743,4.519245833333141
1744,2.1615249999995534
1745,44.271926041666454
1746,-14.690466666666602
1747,-15.93805000000037
1748,20.822858333333105
1749,-3.438800000000075
1750,-8.390500000000145
1751,41.97497604166656
1752,-3.417304166666657
1753,-6.394525000000417
1754,38.08482604166641
1755,-18.99536666666668
1756,-20.504300000000207
1757,17.322708333333114
1758,-24.598633333333275
1759,-18.81010000000014
1760,5.069037499999851
1761,-0.7016000000001021
1762,-5.036249999999898
1763,44.41527604166651
1764,2.1053458333333275
1765,-0.22147500000011533
1766,42.386276041666534
1767,14.042866666666853
1768,9.29865000000003
1769,64.77484374999966
1770,1.6613958333334011
1771,0.7614249999996048
1772,38.49002604166651
1773,-0.3579041666665006
1774,-2.277924999999925
1775,37.29362604166661
1776,12.780416666666738
1777,4.552600000000107
1778,63.684943749999825
1779,22.574666666666765
1780,17.874050000000175
1781,80.11114062499986
1782,-17.47115000000008
1783,-25.83304583333348
1784,14.729249999999983
1785,-7.619583333333324
1786,-21.753283333333595
1787,22.657487499999807
1788,-11.807400000000001
1789,-19.196995833333297
1790,19.25169999999996
1791,-1.7452333333331183
1792,-15.124433333332954
1793,27.166537499999865
1794,-12.53494999999969
1795,-19.068233333332962
1796,10.606416666666707
1797,12.104116666666709
1798,3.612016666666573
1799,44.73738437499972
1800,-13.431249999999828
1801,-20.199233333333133
1802,9.937216666666604
1803,0.9054166666667918
1804,-9.797633333333255
1805,36.45068437499974
1806,-18.990758333333257
1807,-25.4325624999999
1808,20.55626249999971
1809,-15.355358333333324
1810,-21.123462500000166
1811,23.511012499999673
1812,-24.406524999999668
1813,-23.548912500000263
1814,8.58459166666643
1815,-0.077708333332982
1816,-0.7703124999996369
1817,42.01635937499986
1818,-25.033925000000146
1819,-24.347812499999755
1820,8.031941666666587
1821,-10.017208333333105
1822,-12.59756249999997
1823,34.22165937499963
1824,-16.365458333333294
1825,-21.113249999999795
1826,14.574529166666483
1827,8.347508333333398
1828,0.9733000000001546
1829,48.691896874999905
1830,-16.00725833333314
1831,-21.037849999999736
1832,15.014929166666224
1833,0.5493083333335314
1834,-7.832949999999794
1835,42.897446874999815
1836,-10.675299999999766
1837,-18.980995833333658
1838,21.1729499999997
1839,-3.288733333333127
1840,-16.99033333333371
1841,24.91128749999989
1842,-12.366049999999795
1843,-19.240233333333556
1844,11.117116666666504
1845,12.62101666666684
1846,3.2776166666667272
1847,44.65528437499988
1848,-16.21835833333316
1849,-23.158062499999808
1850,23.651812499999814
1851,-24.95307499999946
1852,-24.45386249999988
1853,8.502141666666319
1854,1.3299916666672296
1855,-1.163212500000288
1856,44.929009374999886
1857,-16.993158333332925
1858,-22.279050000000122
1859,14.57157916666656
1860,4.487808333333465
1861,-1.4394500000003418
1862,42.056646874999835
1863,-19.952499999999596
1864,-28.996050000000118
1865,6.732999999999656
1866,-22.225512499999844
1867,-25.872424999999843
1868,3.586879166666268
1869,1.5078041666668263
1870,-4.033074999999631
1871,37.055946874999755
1872,-24.98092500000002
1873,-23.227250000000232
1874,0.041408333333237124
1875,-0.8309583333329762
1876,-1.2998999999997984
1877,34.057426041666396
1878,19.77040833333339
1879,17.791549999999745
1880,62.34074374999974
1881,-24.56237499999947
1882,-22.76060000000033
1883,0.22150833333300923
1884,-1.0089083333327586
1885,-1.0209000000000579
1886,33.36157604166643
1887,-24.638624999999514
1888,-22.888200000000047
1889,0.23780833333306717
1890,-27.52813750000005
1891,-20.3471249999998
1892,-3.577262499999989
1893,-2.6315583333329506
1894,-3.0286000000001145
1895,32.21892604166649
1896,22.490608333333295
1897,20.27594999999982
1898,66.42134374999968
1899,4.731108333333278
1900,-1.521749999999944
1901,53.74369374999981
1902,25.08936249999998
1903,18.998125000000243
1904,82.0505406249997
1905,-24.032374999999462
1906,-21.738945833333112
1907,6.584208333333308
1908,-15.03815833333313
1909,-18.54928333333339
1910,13.707745833333362
1911,-15.04746249999993
1912,-16.379158333333343
1913,7.381095833333351
1914,-20.083374999999393
1915,-17.185445833333013
1916,9.768058333333585
1917,-10.646608333333063
1918,-13.744533333333075
1919,17.26369583333316
1920,-15.88041249999943
1921,-17.377458333333173
1922,6.708495833333306
1923,3.5193916666670155
1924,4.9884666666666355
1925,35.1648927083335
1926,-4.457908333332927
1927,-4.6127833333334145
1928,29.223042708333224
1929,-28.15313333333327
1930,-23.859462500000372
1931,10.153920833333263
1932,-27.915887499999847
1933,-21.798387499999983
1934,4.531970833333165
1935,-25.367033333333122
1936,-20.798612499999656
1937,12.505170833333157
1938,-28.47753750000006
1939,-22.49288750000016
1940,3.9691208333331396
1941,-9.525533333333147
1942,-0.1969124999999572
1943,31.481367708333295
1944,-17.074683333332974
1945,-8.988662500000277
1946,25.47416770833344
1947,-20.80177083333332
1948,-20.45022500000009
1949,9.770908333333228
1950,-20.294270833333172
1951,-20.13757500000004
1952,10.270908333333129
1953,-1.7594166666664357
1954,1.0050499999995743
1955,37.75085520833321
1956,-6.942066666666502
1957,-4.688400000000126
1958,33.704105208333424
1959,-5.246470833333294
1960,-0.47667500000025953
1961,28.86810520833314
1962,-3.643020833332944
1963,1.4387249999997742
1964,30.07105520833324
1965,-18.977024999999514
1966,-16.45494583333349
1967,10.993208333333282
1968,-11.774058333333315
1969,-14.662983333333512
1970,15.270645833333418
1971,-16.34391249999947
1972,-17.55855833333353
1973,6.054795833333415
1974,3.972091666666877
1975,5.086216666666399
1976,34.815142708333326
1977,-25.646683333333176
1978,-21.61271249999985
1979,12.391020833333233
1980,-28.21963749999945
1981,-21.95643750000027
1982,3.8743708333332627
1983,-8.212033333333135
1984,0.05373750000030597
1985,33.51351770833344
1986,-19.932720833333217
1987,-19.31197500000037
1988,10.191408333333207
1989,-3.7028166666664752
1990,-0.3785999999999845
1991,33.16965520833342
1992,-5.694720833332756
1993,-0.48157499999996745
1994,28.052705208333386
1995,-30.711949999999355
1996,-17.96994999999999
1997,-7.64273333333314
1998,-8.593183333332721
1999,1.7480000000001716
2000,24.398884374999994
2001,11.74988333333351
2002,19.809949999999787
2003,53.20030208333337
2004,12.562533333333459
2005,20.123199999999652
2006,55.67735208333322
2007,-1.1583666666663994
2008,3.1537999999996735
2009,45.85635208333336
2010,19.33700000000016
2011,18.690949999999518
2012,75.9124197916667
2013,6.252008333333325
2014,-1.7408458333336263
2015,60.832543749999914
2016,15.581174999999892
2017,5.282366666667038
2018,62.30118125000001
2019,14.540120833333514
2020,4.154591666666629
2021,60.86023125000008
2022,9.628958333333326
2023,4.540966666666346
2024,55.19221041666671
2025,9.792758333333484
2026,2.981904166666194
2027,62.87039374999992
2028,19.873475000000074
2029,10.761116666666615
2030,65.02838125000001
2031,21.80062083333345
2032,13.254941666666564
2033,65.72983125000009
2034,16.16585833333337
2035,12.819566666666216
2036,59.6157104166668
2037,1.6335499999999392
2038,-2.352662500000058
2039,60.01765624999975
2040,2.5554458333334473
2041,-0.6150875000000333
2042,59.0906062499998
2043,-1.7600166666665196
2044,0.3181875000001888
2045,53.80158541666664
2046,4.722750000000087
2047,1.2012874999997702
2048,63.29495624999999
2049,10.4628458333333
2050,9.490812499999901
2051,64.31500624999993
2052,4.965183333333467
2053,9.103837499999567
2054,58.304335416666575
2055,9.636962499999857
2056,2.82827499999998
2057,59.868643749999826
2058,4.779250000000079
2059,3.1163000000000274
2060,54.657472916666585
2061,18.0056125000001
2062,12.628475000000083
2063,66.75429374999977
2064,10.456800000000133
2065,10.13954999999962
2066,59.7110229166665
2067,1.9967958333334757
2068,0.9972249999999683
2069,49.968472916666464
2070,17.63129583333365
2071,20.253725000000156
2072,61.1977229166667
2073,10.359708333333373
2074,3.003204166666329
2075,62.45499374999986
2076,20.754225000000037
2077,10.698216666666971
2078,66.21993125000003
2079,21.987620833333388
2080,12.072241666666805
2081,64.6489812499997
2082,16.410058333333488
2083,11.612266666666748
2084,59.148310416666575
2085,5.727300000000124
2086,0.7674375000001898
2087,65.17960624999981
2088,11.338395833333337
2089,11.574162500000007
2090,62.34350624999978
2091,5.669633333333479
2092,10.37763750000007
2093,56.38803541666668
2094,18.313712499999912
2095,9.985924999999884
2096,69.37434374999984
2097,11.162450000000224
2098,8.275700000000175
2099,62.375322916666406
2100,16.045345833333435
2101,19.049624999999715
2102,58.06552291666635
2103,32.51291666666667
2104,26.593049999999607
2105,97.82888749999978
2106,0.2250499999999711
2107,-26.99938333333325
2108,20.1635000000004
2109,-15.544225000000012
2110,-35.53926249999986
2111,16.556125000000144
2112,-2.912308333333513
2113,-26.060199999999824
2114,21.239462500000084
2115,-7.213612499999833
2116,-29.599824999999846
2117,16.04766250000038
2118,-12.516424999999565
2119,-29.69564999999985
2120,10.34089166666714
2121,7.813791666666425
2122,-15.513799999999822
2123,39.59800937500035
2124,-29.66180000000005
2125,-42.21239166666617
2126,12.803850000000239
2127,-20.561533333333504
2128,-38.08927916666662
2129,18.669687500000265
2130,-18.419437500000058
2131,-32.95315416666629
2132,14.02748750000038
2133,-24.25859999999993
2134,-33.6966291666668
2135,7.873866666666984
2136,-9.441283333333228
2137,-27.160079166666495
2138,36.17313437500012
2139,-13.32281666666697
2140,-33.82801666666637
2141,16.73467500000001
2142,-10.359920833333458
2143,-30.724191666666467
2144,20.104425000000337
2145,-17.712233333333227
2146,-32.66076666666669
2147,12.641804166666759
2148,1.317183333333194
2149,-15.154566666666547
2150,36.31542187500014
2151,-10.2773749999999
2152,-28.418466666666653
2153,14.013825000000146
2154,-14.634787499999824
2155,-27.46729166666615
2156,9.00005416666696
2157,-0.38617083333329916
2158,-17.496091666666747
2159,35.38847187500029
2160,-19.411350000000205
2161,-26.896666666666214
2162,3.548033333333578
2163,-6.0302833333332195
2164,-18.106416666666636
2165,29.409401041667095
2166,14.372833333333102
2167,-8.21196666666637
2168,56.56706875000026
2169,-28.412050000000022
2170,-41.0171916666668
2171,14.134100000000327
2172,-20.052183333333495
2173,-37.150229166666506
2174,18.151437500000256
2175,-19.246287500000214
2176,-34.244654166666244
2177,14.354437500000117
2178,-24.274000000000306
2179,-34.057429166666786
2180,8.80556666666683
2181,-8.30658333333325
2182,-24.6379791666663
2183,36.16768437500038
2184,-27.19370000000012
2185,-39.84074166666627
2186,15.057300000000406
2187,-44.48977500000009
2188,-49.69957083333281
2189,8.87442500000013
2190,-18.92518333333353
2191,-35.687679166666356
2192,18.16788750000029
2193,-22.237695833333415
2194,-35.22167083333292
2195,18.285050000000247
2196,-28.861158333333403
2197,-36.55074583333287
2198,11.355629166666947
2199,-13.511341666666699
2200,-25.599645833333362
2201,33.80594687500014
2202,-19.497437499999926
2203,-34.84000416666664
2204,14.432437500000361
2205,-22.649095833333543
2206,-36.077220833332866
2207,18.651900000000232
2208,-28.17211249999989
2209,-33.87642083333322
2210,6.5343791666667705
2211,-12.58949583333342
2212,-22.548870833333456
2213,33.69294687500015
2214,-23.991899999999866
2215,-34.118579166666585
2216,9.254466666666783
2217,-28.9377083333334
2218,-37.04664583333348
2219,11.841779166667
2220,-27.661062500000533
2221,-33.30212083333297
2222,6.922979166666909
2223,-17.364058333333166
2224,-22.32384583333351
2225,28.325026041666888
2226,-8.330133333333478
2227,-25.09407916666655
2228,36.125884375000396
2229,-14.722891666666715
2230,-27.33409583333306
2231,33.717446875000114
2232,-12.436695833333378
2233,-21.91567083333341
2234,33.35304687500029
2235,-17.827008333333172
2236,-22.333495833333306
2237,27.55952604166687
2238,-7.49421666666672
2239,-26.68916666666665
2240,21.948775000000253
2241,-10.736620833333532
2242,-30.438141666666496
2243,18.84232500000005
2244,-17.889583333333547
2245,-32.35551666666652
2246,11.705654166667046
2247,3.0633333333331514
2248,-15.712316666666748
2249,38.85382187500039
2250,-22.011395833333403
2251,-34.14732083333334
2252,16.825000000000134
2253,-29.18595833333324
2254,-36.10919583333292
2255,9.60532916666672
2256,-13.760191666666888
2257,-28.362995833333127
2258,36.00689687500007
2259,-6.999166666666756
2260,-25.695016666666692
2261,24.658825000000206
2262,-17.651225000000004
2263,-34.88903333333306
2264,17.833937500000197
2265,-11.00432083333338
2266,-30.501141666666598
2267,17.243825000000346
2268,-23.285995833333395
2269,-35.441470833333
2270,15.020850000000241
2271,-20.733695833333243
2272,-31.53270833333295
2273,9.70586666666664
2274,-4.525829166666906
2275,-18.44555833333308
2276,35.56233437500027
2277,-16.61603333333339
2278,-30.844416666666774
2279,11.779354166666778
2280,-28.64560833333325
2281,-35.61319583333322
2282,9.382579166666716
2283,-18.851945833333517
2284,-29.517308333333148
2285,11.057366666666812
2286,-10.594391666666692
2287,-19.498233333333115
2288,29.729713541666804
2289,5.0761333333331216
2290,-13.755116666666733
2291,40.19457187500035
2292,-13.398891666666746
2293,-28.077195833333146
2294,38.005546875000285
2295,-3.0473291666669233
2296,-17.0006083333333
2297,38.60093437500032
2298,-10.606791666667004
2299,-19.44068333333311
2300,31.07911354166699
2301,-10.801724999999784
2302,-27.971066666666466
2303,13.4817250000002
2304,-15.25893749999998
2305,-27.373191666666408
2306,8.663854166666951
2307,-0.762570833333065
2308,-21.108341666666508
2309,35.97582187500028
2310,-23.924595833333218
2311,-37.10937083333321
2312,17.258000000000173
2313,-29.527262500000262
2314,-34.14232083333335
2315,4.695729166666851
2316,-13.701745833333145
2317,-27.018820833333468
2318,34.61319687500022
2319,-24.20609583333304
2320,-37.23727083333293
2321,16.784700000000008
2322,-20.501295833333
2323,-30.925908333332952
2324,11.266366666666805
2325,-6.389229166666777
2326,-22.4587083333331
2327,32.55743437500009
2328,-17.738924999999917
2329,-36.267916666666444
2330,8.347875000000204
2331,-22.043587499999795
2332,-36.092208333333
2333,5.173837500000111
2334,-20.652487500000127
2335,-33.91604166666671
2336,4.670954166666874
2337,-34.60396250000031
2338,-40.058570833333285
2339,0.6395291666667191
2340,-24.403495833333277
2341,-35.59055833333304
2342,8.346466666666963
2343,-13.467295833333015
2344,-21.67380833333299
2345,24.574463541666837
2346,3.2113291666666655
2347,-15.947841666666296
2348,38.58717187500038
2349,-10.283345833333524
2350,-21.822270833333324
2351,36.99864687500014
2352,-1.590279166666786
2353,-16.92240833333316
2354,36.5113843750001
2355,-4.507645833333118
2356,-10.75200833333314
2357,31.07136354166702
2358,-19.89669999999979
2359,-26.944866666666734
2360,3.5755333333336914
2361,-6.033533333333629
2362,-21.000966666666532
2363,30.051551041666926
2364,-29.82285833333309
2365,-37.83774583333348
2366,10.858679166666807
2367,-28.146612500000145
2368,-32.789020833333105
2369,5.7531291666667705
2370,-18.149908333333453
2371,-26.209645833333273
2372,29.169876041666896
2373,-28.895708333333392
2374,-36.68769583333314
2375,11.409379166666955
2376,-18.38159583333292
2377,-28.73345833333323
2378,12.851416666666715
2379,-11.377591666666742
2380,-22.64818333333327
2381,27.499413541667074
2382,-33.938262499999894
2383,-39.415470833333366
2384,1.1738791666670245
2385,-23.660945833332914
2386,-34.75585833333299
2387,8.917616666666994
2388,-13.1941958333333
2389,-21.169708333333137
2390,24.569113541666844
2391,-23.917599999999517
2392,-31.979516666666363
2393,0.661983333333449
2394,-33.15712500000014
2395,-31.216133333333396
2396,-8.023524999999765
2397,-3.012183333333418
2398,-17.22986666666637
2399,32.22110104166691
2400,-16.06360833333289
2401,-22.725345833333055
2402,30.60767604166692
2403,-9.954841666666692
2404,-20.89243333333308
2405,29.59801354166678
2406,-4.996695833333309
2407,-10.97670833333284
2408,30.480963541666828
2409,15.030933333333163
2410,-3.322666666666496
2411,57.994268750000046
2412,-14.498591666666716
2413,-28.9368458333334
2414,37.39934687500019
2415,-11.154345833332968
2416,-23.13207083333335
2417,33.9030968750003
2418,-16.97665833333346
2419,-23.35194583333351
2420,27.565576041666873
2421,-12.981691666666695
2422,-26.61354583333333
2423,38.1599468750001
2424,-3.8851291666669674
2425,-21.72580833333333
2426,40.02573437500008
2427,-10.96304166666675
2428,-23.269783333333205
2429,32.367763541666946
2430,-6.0969958333330965
2431,-16.638370833333305
2432,36.712296875000035
2433,-2.301929166667005
2434,-19.896808333333247
2435,41.212284374999975
2436,-3.0139958333334604
2437,-11.784608333333146
2438,31.278463541667012
2439,-13.155958333333473
2440,-18.676595833333387
2441,29.88232604166683
2442,-10.098741666666822
2443,-22.502133333333283
2444,33.21581354166669
2445,-4.182195833333502
2446,-13.243558333333105
2447,30.72261354166672
2448,12.422283333332995
2449,-7.017766666666692
2450,56.882818750000254
2451,19.220874999999893
2452,1.7108666666668881
2453,73.76757812500018
2454,-32.5549583333335
2455,-42.737758333333396
2456,16.769112500000105
2457,-32.94181250000001
2458,-40.40813333333322
2459,10.781212500000326
2460,-38.998925000000284
2461,-41.23205833333312
2462,4.365741666666878
2463,-22.402508333333326
2464,-32.28840833333288
2465,33.42615937500031
2466,-32.526208333333614
2467,-43.14470833333344
2468,16.994662500000146
2469,-31.20396250000006
2470,-38.42078333333294
2471,11.939212500000185
2472,-37.99227500000022
2473,-39.98260833333287
2474,4.916991666667059
2475,-20.683058333333104
2476,-30.86435833333292
2477,34.89105937500021
2478,-33.28665833333364
2479,-43.024858333333384
2480,14.781762500000184
2481,-35.089712500000125
2482,-42.89028333333338
2483,9.801462500000113
2484,-40.274825000000014
2485,-42.86295833333309
2486,3.888291666666799
2487,-22.253208333333774
2488,-30.58495833333348
2489,32.2173593750001
2490,-62.94300000000046
2491,-60.534549999999676
2492,1.8871000000000748
2493,-50.01203333333359
2494,-53.2453374999998
2495,10.796637500000106
2496,-48.76203750000023
2497,-48.756012499999635
2498,6.12078750000018
2499,-55.95010000000009
2500,-50.54038749999972
2501,-1.3782833333330302
2502,-38.286783333333844
2503,-40.0259874999997
2504,28.17508437500007
2505,-41.72901666666702
2506,-48.10937499999994
2507,10.914725000000125
2508,-38.47372083333332
2509,-44.57599999999991
2510,13.836825000000097
2511,-45.60053333333363
2512,-46.296824999999856
2513,6.2563541666667
2514,-28.293816666666505
2515,-33.019024999999935
2516,29.95887187499995
2517,-38.563625000000634
2518,-42.39742499999988
2519,8.24157500000009
2520,-43.86173750000015
2521,-42.289849999999696
2522,2.2841041666667117
2523,-28.406120833333492
2524,-30.457499999999715
2525,28.32537187500015
2526,-49.84055000000058
2527,-42.771874999999504
2528,-4.410966666666383
2529,-34.003133333333665
2530,-31.06697499999962
2531,22.245601041666816
2532,-15.706766666666905
2533,-22.20362499999986
2534,49.46596875000013
2535,-37.705816666666706
2536,-45.34527500000007
2537,18.348675000000192
2538,-37.733020833333164
2539,-43.269300000000044
2540,13.401725000000031
2541,-45.26248333333367
2542,-45.6186749999997
2543,5.711354166666638
2544,-27.72526666666666
2545,-35.357024999999624
2546,34.89972187500015
2547,-38.1815166666665
2548,-46.71042499999993
2549,18.896174999999893
2550,-34.580149999999854
2551,-46.002962499999796
2552,15.604562499999997
2553,-38.14622083333372
2554,-43.747199999999964
2555,13.098424999999825
2556,-35.475170833333536
2557,-39.50003750000022
2558,7.319791666666564
2559,-17.72405416666656
2560,-25.401787499999795
2561,35.459709375000024
2562,-44.750333333333536
2563,-45.05732500000015
2564,6.0968041666665584
2565,-34.039770833333804
2566,-38.06898750000016
2567,8.458841666666661
2568,-22.921416666666783
2569,-25.540212500000248
2570,29.686188541666915
2571,-25.23301666666713
2572,-32.96737499999969
2573,37.30647187500029
2574,-15.913504166666836
2575,-23.319137499999965
2576,37.15960937500027
2577,-22.030666666666843
2578,-24.432112499999814
2579,30.607988541666664
2580,-37.8670249999999
2581,-40.2204750000001
2582,7.219525000000093
2583,-43.540887500000025
2584,-40.709200000000045
2585,1.1903541666665518
2586,-26.775470833333426
2587,-31.785099999999478
2588,30.44572187500001
2589,-34.78902083333351
2590,-37.82813749999994
2591,7.387341666666636
2592,-18.703154166666547
2593,-26.330887500000166
2594,30.20705937500012
2595,-43.47772500000033
2596,-46.428024999999984
2597,2.081025000000114
2598,-35.25501249999987
2599,-41.89803749999985
2600,2.31971249999976
2601,-48.380137499999876
2602,-45.97149999999974
2603,-3.2686458333333945
2604,-37.9099208333332
2605,-41.41938750000009
2606,4.779141666666753
2607,-26.691070833333885
2608,-26.728487499999876
2609,20.711488541666647
2610,-19.380820833333612
2611,-22.84835000000003
2612,36.31647187500011
2613,-12.686804166667098
2614,-19.13523749999961
2615,34.518509374999915
2616,-16.08847083333389
2617,-14.353287499999556
2618,28.930538541666984
2619,-49.84499999999983
2620,-41.67447499999977
2621,-5.417966666666629
2622,-32.89823333333351
2623,-32.51857499999966
2624,23.679801041666735
2625,-33.699170833333184
2626,-36.672987499999635
2627,8.235791666666792
2628,-23.793666666666535
2629,-26.03561249999995
2630,24.711238541666837
2631,-37.77302083333352
2632,-41.14558750000001
2633,4.877791666666731
2634,-27.103570833333368
2635,-26.875437499999766
2636,20.153338541666834
2637,-53.97390000000044
2638,-46.10857500000005
2639,-9.138416666666416
2640,-48.265300000000444
2641,-38.703362499999905
2642,-12.635649999999998
2643,-27.33393333333387
2644,-25.877024999999865
2645,28.037351041666625
2646,-21.088666666666978
2647,-23.360812500000215
2648,27.067388541666794
2649,-18.44337083333345
2650,-16.68438749999952
2651,26.897088541666836
2652,-16.73741666666677
2653,-21.25937500000008
2654,51.966668749999954
2655,-16.392154166666995
2656,-27.29933750000013
2657,39.34880937499994
2658,-22.298066666666738
2659,-28.08681249999969
2660,32.32248854166686
2661,-15.89385416666671
2662,-25.604137499999744
2663,38.877109374999996
2664,-16.34067083333388
2665,-17.62738749999979
2666,30.90428854166669
2667,-22.72831666666688
2668,-27.62931250000009
2669,31.232088541666858
2670,-18.04907083333358
2671,-19.629587500000234
2672,29.591838541666693
2673,-18.473316666666673
2674,-24.68137499999985
2675,51.308518749999976
2676,-0.33850000000050784
2677,-10.126362500000141
2678,71.087453125
2679,-25.3422416666667
2680,-40.1769458333336
2681,20.223700000000022
2682,-25.616241666666628
2683,-40.07969583333333
2684,19.226850000000084
2685,-15.401229166666663
2686,-33.07875833333354
2687,20.960687499999953
2688,-23.329641666666756
2689,-35.53818333333352
2690,13.559866666666665
2691,-2.4448250000001615
2692,-16.435233333333343
2693,37.45718437500014
2694,-13.624029166666585
2695,-31.22470833333346
2696,23.12883749999992
2697,-22.966841666666493
2698,-35.24003333333341
2699,14.211566666666542
2700,-4.181775000000254
2701,-14.336783333333303
2702,40.956684374999995
2703,-27.89335416666665
2704,-38.82478750000003
2705,19.884762500000086
2706,-34.24301666666656
2707,-39.78151250000002
2708,13.127991666666805
2709,-20.112150000000018
2710,-30.141612499999937
2711,35.381509374999844
2712,-27.17300416666637
2713,-38.44883750000023
2714,21.41251250000007
2715,-34.91161666666676
2716,-40.95191250000014
2717,13.422941666666777
2718,-20.445500000000028
2719,-30.979262500000047
2720,35.779109375
2721,-28.37269166666676
2722,-41.93539583333337
2723,13.958549999999903
2724,-19.492429166666625
2725,-35.68375833333324
2726,14.089087500000108
2727,-25.97369166666681
2728,-36.99168333333329
2729,8.054666666666677
2730,-6.566325000000273
2731,-25.120733333333423
2732,35.36293437500011
2733,-31.26665416666654
2734,-40.12958750000006
2735,12.010262499999858
2736,-37.45136666666653
2737,-41.14331250000003
2738,5.852341666666661
2739,-22.884500000000063
2740,-34.65211249999997
2741,32.52015937499997
2742,-27.01338333333343
2743,-40.762950000000146
2744,14.789599999999936
2745,-22.719237500000222
2746,-36.728275000000025
2747,18.30784999999997
2748,-31.645599999999963
2749,-40.445200000000185
2750,10.460429166666607
2751,-13.540833333333424
2752,-24.810900000000125
2753,33.09794687500012
2754,-24.447891666667054
2755,-37.062049999999935
2756,10.66534999999984
2757,-28.86715416666643
2758,-36.166374999999995
2759,6.065779166666463
2760,-12.616787499999926
2761,-23.443725000000004
2762,33.204246874999875
2763,-33.70706666666674
2764,-35.6834000000001
2765,0.920658333333435
2766,-19.818849999999966
2767,-25.6266000000001
2768,26.552926041666815
2769,-0.5478333333334362
2770,-18.569400000000158
2771,52.58864375000005
2772,-17.635141666666865
2773,-31.150199999999995
2774,21.383199999999913
2775,-23.787204166666864
2776,-32.21192500000028
2777,15.150829166666746
2778,-10.68703750000024
2779,-25.803074999999964
2780,36.696046874999986
2781,-21.840691666666512
2782,-36.220449999999936
2783,18.664749999999852
2784,-25.403545833333574
2785,-37.86507499999967
2786,9.575649999999847
2787,-27.635254166666723
2788,-36.77002500000008
2789,12.544979166666614
2790,-15.506204166666837
2791,-21.292124999999817
2792,29.40657604166659
2793,-5.7862875000000535
2794,-19.882475000000042
2795,40.19754687500012
2796,-9.220854166666559
2797,-14.273274999999774
2798,33.82742604166662
2799,-29.732916666666664
2800,-33.04850000000022
2801,8.832408333333408
2802,-18.522599999999922
2803,-27.785249999999806
2804,29.933376041666683
2805,-15.929354166667142
2806,-21.37247500000017
2807,28.839976041666795
2808,-33.91251666666682
2809,-37.75375000000012
2810,5.8727083333335095
2811,-39.66423333333342
2812,-36.046200000000006
2813,-6.406362499999929
2814,-15.71990000000012
2815,-25.05065000000006
2816,31.926276041666803
2817,-11.48985416666699
2818,-16.142275000000428
2819,32.00952604166653
2820,1.8035166666665603
2821,-4.569550000000078
2822,52.68129374999986
2823,-10.823304166666503
2824,-15.103925000000018
2825,27.905926041666707
2826,-13.387354166666654
2827,-19.610774999999947
2828,26.292426041666506
2829,1.4460666666666455
2830,-9.075900000000159
2831,55.15019375000008
2832,11.67471666666664
2833,-0.5242000000000857
2834,70.1190906249999
2835,-30.449349999999953
2836,-41.201895833333246
2837,5.354050000000132
2838,-19.680133333333583
2839,-36.09383333333325
2840,13.574637500000097
2841,-23.88855000000021
2842,-33.550695833333144
2843,10.558850000000053
2844,-14.117433333333462
2845,-29.57298333333278
2846,17.620587499999818
2847,-24.93839999999974
2848,-33.533683333333464
2849,1.3981666666667003
2850,0.446566666667092
2851,-10.430733333333198
2852,36.173184375000076
2853,-26.169599999999882
2854,-34.967283333332766
2855,0.4363666666667321
2856,-10.152133333333513
2857,-23.38443333333311
2858,28.504684375
2859,-32.520058333333694
2860,-41.27241249999996
2861,10.566162499999798
2862,-28.24435833333352
2863,-36.35206249999947
2864,14.003262499999813
2865,-38.59697499999992
2866,-39.784212499999505
2867,-1.8610083333334693
2868,-11.511908333333754
2869,-14.662412499999622
2870,33.89120937499981
2871,-39.40357499999987
2872,-40.73571249999954
2873,-2.5717083333332447
2874,-22.667158333333237
2875,-27.784562499999854
2876,25.250409374999894
2877,-29.534908333333476
2878,-36.38565000000007
2879,4.6773291666665
2880,-4.2701416666665715
2881,-13.969149999999697
2882,39.028246875000015
2883,-29.294808333333577
2884,-36.400999999999684
2885,4.979929166666697
2886,-11.159441666666847
2887,-21.905850000000182
2888,34.245396874999926
2889,-23.175299999999766
2890,-34.160245833333214
2891,12.19974999999991
2892,-14.89218333333362
2893,-31.018283333333187
2894,15.360487500000009
2895,-24.827699999999986
2896,-33.65518333333295
2897,1.7646166666665408
2898,1.629966666666327
2899,-12.547183333332956
2900,35.93068437499984
2901,-29.314208333333003
2902,-38.748612499999744
2903,13.961462499999833
2904,-39.1603749999998
2905,-40.53336249999955
2906,-2.0478083333333785
2907,-11.611258333333563
2908,-18.109462500000095
2909,36.35490937500001
2910,-30.173208333333346
2911,-37.449649999999494
2912,4.474729166666513
2913,-7.597041666666993
2914,-16.67304999999981
2915,31.756546874999934
2916,-33.64215000000019
2917,-44.77989999999945
2918,-3.505200000000208
2919,-36.30636250000041
2920,-42.04527499999973
2921,-7.043420833333425
2922,-9.318345833333641
2923,-16.73307499999952
2924,29.08394687499993
2925,-39.63132500000004
2926,-39.809300000000114
2927,-11.103591666666901
2928,-12.441858333333133
2929,-15.086900000000103
2930,25.493176041666523
2931,7.963658333333168
2932,0.5326499999998902
2933,52.51864374999986
2934,-39.32407499999986
2935,-39.45610000000013
2936,-10.90389166666652
2937,-12.331258333333128
2938,-14.358199999999588
2939,25.091726041666497
2940,-39.370274999999744
2941,-39.571399999999635
2942,-10.877691666666589
2943,-43.00818750000008
2944,-37.65367500000014
2945,-15.296612499999895
2946,-14.496758333333393
2947,-16.878899999999764
2948,23.475076041666743
2949,9.711558333333326
2950,3.924850000000202
2951,57.17854374999987
2952,-6.475341666666967
2953,-15.654199999999907
2954,45.91059374999995
2955,8.466312499999873
2956,-2.692674999999767
2957,72.6127406249998
2958,-38.58142500000028
2959,-38.75454583333333
2960,-3.9935416666665446
2961,-28.7865583333331
2962,-34.68693333333333
2963,3.341645833333473
2964,-28.09431249999985
2965,-31.504558333333144
2966,-2.3557541666664683
2967,-34.248275000000206
2968,-33.70454583333338
2969,-0.5789916666664396
2970,-24.807258333333504
2971,-30.103933333333053
2972,6.2922458333336095
2973,-29.302412500000052
2974,-32.84280833333302
2975,-3.3558041666664984
2976,-10.137758333332858
2977,-11.310133333333372
2978,25.096042708333457
2979,-16.901158333333388
2980,-19.796083333333403
2981,20.245192708333448
2982,-43.73258333333352
2983,-41.95236249999992
2984,-1.407029166666529
2985,-42.960587500000535
2986,-38.85093749999999
2987,-6.641479166666553
2988,-40.63433333333349
2989,-38.46066249999986
2990,1.1217708333334464
2991,-43.75818750000047
2992,-39.71678749999956
2993,-7.37947916666668
2994,-23.519883333333258
2995,-16.7388124999996
2996,21.455417708333655
2997,-31.59183333333333
2998,-26.277812499999786
2999,15.141017708333493
3000,-34.82232083333301
3001,-36.61927499999962
3002,-0.8509416666668379
3003,-34.44087083333329
3004,-36.330124999999924
3005,-0.484941666666483
3006,-16.39401666666691
3007,-16.20460000000028
3008,26.62170520833356
3009,-20.66451666666671
3010,-21.086300000000247
3011,23.572855208333543
3012,-18.03317083333349
3013,-15.431124999999657
3014,19.46395520833355
3015,-15.792520833333246
3016,-13.037925000000161
3017,21.142705208333545
3018,-33.29462499999991
3019,-33.504445833333385
3020,0.6761083333336693
3021,-24.998058333333617
3022,-30.34203333333312
3023,4.867695833333485
3024,-29.645812499999913
3025,-32.99290833333348
3026,-3.8463041666666697
3027,-8.846958333333355
3028,-12.67293333333308
3029,25.446142708333454
3030,-40.9197833333331
3031,-39.43286249999951
3032,1.039570833333503
3033,-43.431587499999935
3034,-39.23408749999968
3035,-7.3291791666664885
3036,-23.304983333333507
3037,-19.62201249999973
3038,23.54006770833341
3039,-33.976420833333435
3040,-35.53207499999962
3041,-0.42309166666658626
3042,-17.05511666666686
3043,-18.255849999999718
3044,21.76730520833359
3045,-18.122020833333696
3046,-15.007624999999525
3047,18.91340520833338
3048,-47.007399999999855
3049,-36.09559999999998
3050,-20.07403333333322
3051,-22.01943333333327
3052,-13.912750000000162
3053,14.516384375000202
3054,-0.7628166666663994
3055,-1.1050999999998368
3056,42.69370208333365
3057,-2.114166666666595
3058,2.292900000000042
3059,45.063552083333434
3060,-13.879666666666512
3061,-12.790699999999777
3062,36.91700208333337
3063,2.463649999999973
3064,-3.034099999999995
3065,66.27906979166669
3066,-5.663841666666425
3067,-18.993745833332998
3068,53.424293749999975
3069,4.959824999999807
3070,-8.479233333333447
3071,52.904381249999986
3072,2.8947708333336486
3073,-12.80230833333329
3074,53.02003125000003
3075,-2.7973416666665862
3076,-12.887283333332977
3077,46.71376041666693
3078,-2.6422416666668447
3079,-14.674445833333483
3080,54.922143750000174
3081,8.780624999999898
3082,-2.584983333333435
3083,54.7647312500001
3084,9.022320833333008
3085,-4.608908333332895
3086,56.90658125000007
3087,2.8956583333335395
3088,-5.341133333333392
3089,50.31011041666673
3090,-11.235900000000054
3091,-19.875812499999945
3092,50.19830625000004
3093,-10.480804166666946
3094,-19.453037500000026
3095,50.99485625000013
3096,-15.156116666666453
3097,-18.677862499999964
3098,45.170335416666816
3099,-8.671699999999927
3100,-17.186262500000147
3101,53.105206250000016
3102,-4.906954166666555
3103,-11.40383750000007
3104,54.65895625000003
3105,-10.469566666666896
3106,-11.804462500000046
3107,48.154885416666815
3108,-2.569437500000138
3109,-13.02672499999984
3110,49.71304374999996
3111,-8.284850000000166
3112,-13.687800000000205
3113,44.027472916666845
3114,5.054012500000038
3115,-3.7898250000000466
3116,55.82064375
3117,-3.508150000000132
3118,-7.494349999999894
3119,48.42852291666677
3120,-9.995854166666707
3121,-14.037475000000033
3122,41.6151729166669
3123,3.7876958333334265
3124,3.009525000000135
3125,51.25822291666662
3126,-4.298191666666895
3127,-17.543945833333474
3128,53.689243749999974
3129,9.798174999999798
3130,-8.390133333333205
3131,56.18783124999993
3132,5.844670833332977
3133,-9.404058333333332
3134,54.98423125000009
3135,-0.6687416666670387
3136,-10.398883333333053
3137,49.22181041666667
3138,-11.052449999999947
3139,-21.418162500000058
3140,55.30435625000018
3141,-0.9181541666666959
3142,-9.320037499999678
3143,52.66585625000006
3144,-7.617166666666364
3145,-11.163862500000299
3146,46.265335416666886
3147,0.01676249999986723
3148,-12.756074999999978
3149,58.602043749999844
3150,-8.001350000000063
3151,-15.200000000000014
3152,51.27857291666666
3153,4.518345833333193
3154,-0.180024999999695
3155,47.94097291666661
3156,23.953066666666523
3157,11.579799999999807
3158,89.75813749999988
